https://img-9gag-fun.9cache.com/photo/aGyrPRn_460svav1.mp4,oldmeme,2025-12-15T21:39:54.219522
https://img-9gag-fun.9cache.com/photo/a0eDmbz_460svav1.mp4,oldmeme,2025-12-15T21:39:54.221519
https://img-9gag-fun.9cache.com/photo/aoyGBZw_460svav1.mp4,oldmeme,2025-12-15T21:39:56.689902
https://img-9gag-fun.9cache.com/photo/awy9R61_460svav1.mp4,oldmeme,2025-12-15T21:40:03.672786
https://img-9gag-fun.9cache.com/photo/adBWZZ2_460svav1.mp4,oldmeme,2025-12-15T21:40:03.672786
https://img-9gag-fun.9cache.com/photo/a34z9re_460svav1.mp4,oldmeme,2025-12-15T21:40:09.980733
https://img-9gag-fun.9cache.com/photo/aE0jr5o_460svav1.mp4,oldmeme,2025-12-15T21:40:16.027545
https://img-9gag-fun.9cache.com/photo/axyexQM_460sv.mp4,oldmeme,2025-12-15T21:40:23.227436
https://img-9gag-fun.9cache.com/photo/agmpM6g_460sv.mp4,oldmeme,2025-12-15T21:40:23.228431
https://img-9gag-fun.9cache.com/photo/ayNmgL8_460sv.mp4,oldmeme,2025-12-15T21:40:30.833705
https://img-9gag-fun.9cache.com/photo/avyBY2b_460sv.mp4,oldmeme,2025-12-15T21:40:39.674521
https://img-9gag-fun.9cache.com/photo/aVv9nXw_460sv.mp4,oldmeme,2025-12-15T21:40:39.674521
https://img-9gag-fun.9cache.com/photo/axyeXwW_460sv.mp4,oldmeme,2025-12-15T21:40:47.030529
https://img-9gag-fun.9cache.com/photo/an70LAn_460sv.mp4,oldmeme,2025-12-15T21:40:47.031527
https://img-9gag-fun.9cache.com/photo/avyB3X5_460svav1.mp4,oldmeme,2025-12-15T21:40:54.330191
https://img-9gag-fun.9cache.com/photo/amoOEMy_460svav1.mp4,oldmeme,2025-12-15T21:40:54.330191
https://img-9gag-fun.9cache.com/photo/aMV03zW_460sv.mp4,oldmeme,2025-12-15T21:40:54.331189
https://img-9gag-fun.9cache.com/photo/aE0jLq9_460svav1.mp4,oldmeme,2025-12-15T21:41:01.341728
https://img-9gag-fun.9cache.com/photo/a0eD2vv_460sv.mp4,oldmeme,2025-12-15T21:41:07.501680
https://img-9gag-fun.9cache.com/photo/axyeXjL_460sv.mp4,oldmeme,2025-12-15T21:41:07.502676
https://img-9gag-fun.9cache.com/photo/amoO3Qo_460sv.mp4,oldmeme,2025-12-15T21:41:14.982790
https://img-9gag-fun.9cache.com/photo/aMV0gxG_460sv.mp4,oldmeme,2025-12-15T21:41:31.384401
https://img-9gag-fun.9cache.com/photo/amoO32d_460sv.mp4,oldmeme,2025-12-15T21:41:31.385396
https://img-9gag-fun.9cache.com/photo/aAyLjRE_460sv.mp4,oldmeme,2025-12-15T21:41:38.412898
https://img-9gag-fun.9cache.com/photo/ayNmbOq_460svav1.mp4,oldmeme,2025-12-15T21:41:45.712608
https://img-9gag-fun.9cache.com/photo/axyeLA1_460sv.mp4,oldmeme,2025-12-15T21:41:52.464825
https://img-9gag-fun.9cache.com/photo/awy9EO1_460sv.mp4,oldmeme,2025-12-15T21:41:58.837065
https://img-9gag-fun.9cache.com/photo/aGyrmLw_460svav1.mp4,oldmeme,2025-12-15T21:41:58.837065
https://img-9gag-fun.9cache.com/photo/aLnOZz5_460sv.mp4,oldmeme,2025-12-15T21:41:58.838062
https://img-9gag-fun.9cache.com/photo/ae9q8vB_460sv.mp4,oldmeme,2025-12-15T21:42:04.904861
https://img-9gag-fun.9cache.com/photo/an70Pmz_460sv.mp4,oldmeme,2025-12-15T21:42:04.905858
https://img-9gag-fun.9cache.com/photo/a87vxNZ_460sv.mp4,oldmeme,2025-12-15T21:42:10.828022
https://img-9gag-fun.9cache.com/photo/an70PW5_460sv.mp4,oldmeme,2025-12-15T21:42:10.829019
https://img-9gag-fun.9cache.com/photo/aGyr4nX_460sv.mp4,oldmeme,2025-12-15T21:42:26.818310
https://img-9gag-fun.9cache.com/photo/aO8nLZM_460sv.mp4,oldmeme,2025-12-15T21:42:26.818310
https://img-9gag-fun.9cache.com/photo/aW4e3G6_460svav1.mp4,oldmeme,2025-12-15T21:42:33.458976
https://img-9gag-fun.9cache.com/photo/a6ZeYOe_460svav1.mp4,oldmeme,2025-12-15T21:42:33.458976
https://img-9gag-fun.9cache.com/photo/aoyGQMA_460sv.mp4,oldmeme,2025-12-15T21:42:33.458976
https://img-9gag-fun.9cache.com/photo/aMV0MBx_460sv.mp4,oldmeme,2025-12-15T21:42:33.459973
https://img-9gag-fun.9cache.com/photo/aZZ4OLn_460sv.mp4,oldmeme,2025-12-15T21:42:40.492054
https://img-9gag-fun.9cache.com/photo/aXPm69D_460svav1.mp4,oldmeme,2025-12-15T21:42:40.496042
https://img-9gag-fun.9cache.com/photo/aXPm60P_460sv.mp4,oldmeme,2025-12-15T21:42:40.497040
https://img-9gag-fun.9cache.com/photo/axyeqNb_460sv.mp4,oldmeme,2025-12-15T21:42:48.339111
https://img-9gag-fun.9cache.com/photo/aRB8qwM_460sv.mp4,oldmeme,2025-12-15T21:42:48.339111
https://img-9gag-fun.9cache.com/photo/aAyL9zR_460sv.mp4,oldmeme,2025-12-15T21:42:55.140690
https://img-9gag-fun.9cache.com/photo/aLnOEVA_460sv.mp4,oldmeme,2025-12-15T21:42:55.141689
https://img-9gag-fun.9cache.com/photo/aGyrQAZ_460sv.mp4,oldmeme,2025-12-15T21:42:55.141689
https://img-9gag-fun.9cache.com/photo/azxv3jq_460sv.mp4,oldmeme,2025-12-15T21:43:19.892059
https://img-9gag-fun.9cache.com/photo/a9y4GYK_460sv.mp4,oldmeme,2025-12-15T21:43:19.893056
https://img-9gag-fun.9cache.com/photo/abALwNp_460svav1.mp4,oldmeme,2025-12-15T21:43:26.427411
https://img-9gag-fun.9cache.com/photo/amoOD26_460svav1.mp4,anime,2025-12-15T21:43:58.684584
https://img-9gag-fun.9cache.com/photo/abALj3v_460svav1.mp4,anime,2025-12-15T21:43:58.684584
https://img-9gag-fun.9cache.com/photo/abALPPb_460svav1.mp4,anime,2025-12-15T21:44:01.048266
https://img-9gag-fun.9cache.com/photo/aPAVN5K_460sv.mp4,anime,2025-12-15T21:44:01.048266
https://img-9gag-fun.9cache.com/photo/aLnOyyx_460sv.mp4,anime,2025-12-15T21:44:26.386402
https://img-9gag-fun.9cache.com/photo/adBWZNZ_460sv.mp4,anime,2025-12-15T21:44:26.386402
https://img-9gag-fun.9cache.com/photo/aD2qEr7_460svav1.mp4,anime,2025-12-15T21:44:41.913082
https://img-9gag-fun.9cache.com/photo/adBWEmZ_460svav1.mp4,anime,2025-12-15T21:45:09.425297
https://img-9gag-fun.9cache.com/photo/aVv9AKy_460sv.mp4,anime,2025-12-15T21:45:35.534321
https://img-9gag-fun.9cache.com/photo/an706nE_460sv.mp4,anime,2025-12-15T21:45:42.301750
https://img-9gag-fun.9cache.com/photo/aO8nw02_460svav1.mp4,anime,2025-12-15T21:45:49.659303
https://img-9gag-fun.9cache.com/photo/aMV0g4V_460sv.mp4,anime,2025-12-15T21:45:49.659303
https://img-9gag-fun.9cache.com/photo/awy9wo4_460sv.mp4,anime,2025-12-15T21:45:55.696840
https://img-9gag-fun.9cache.com/photo/an706qz_460svav1.mp4,anime,2025-12-15T21:46:11.445478
https://img-9gag-fun.9cache.com/photo/abAL7yb_460sv.mp4,anime,2025-12-15T21:46:11.446475
https://img-9gag-fun.9cache.com/photo/aryDY45_460sv.mp4,anime,2025-12-15T21:46:11.446475
https://img-9gag-fun.9cache.com/photo/aYQv31m_460svav1.mp4,anime,2025-12-15T21:46:28.915269
https://img-9gag-fun.9cache.com/photo/a9y4x6m_460sv.mp4,anime,2025-12-15T21:46:44.812258
https://img-9gag-fun.9cache.com/photo/aO8nM4y_460sv.mp4,anime,2025-12-15T21:46:51.569604
https://img-9gag-fun.9cache.com/photo/agmpDBg_460sv.mp4,anime,2025-12-15T21:46:51.569604
https://img-9gag-fun.9cache.com/photo/agmpDnv_460sv.mp4,anime,2025-12-15T21:46:58.098124
https://img-9gag-fun.9cache.com/photo/a7omYdb_460svav1.mp4,anime,2025-12-15T21:46:58.098124
https://img-9gag-fun.9cache.com/photo/aGyr4Xz_460svav1.mp4,anime,2025-12-15T21:47:05.780653
https://img-9gag-fun.9cache.com/photo/aE0jm5x_460sv.mp4,anime,2025-12-15T21:47:05.780653
https://img-9gag-fun.9cache.com/photo/azxvpoB_460svav1.mp4,anime,2025-12-15T21:47:05.781651
https://img-9gag-fun.9cache.com/photo/aQzDW2q_460svav1.mp4,anime,2025-12-15T21:47:13.239311
https://img-9gag-fun.9cache.com/photo/a34zXq7_460svav1.mp4,anime,2025-12-15T21:47:20.131689
https://img-9gag-fun.9cache.com/photo/aD2qeGO_460sv.mp4,anime,2025-12-15T21:47:27.334638
https://img-9gag-fun.9cache.com/photo/ae9q8pO_460sv.mp4,anime,2025-12-15T21:47:27.335633
https://img-9gag-fun.9cache.com/photo/a4PB0em_460sv.mp4,anime,2025-12-15T21:47:35.257449
https://img-9gag-fun.9cache.com/photo/aNDGbVb_460svav1.mp4,anime,2025-12-15T21:47:49.968103
https://img-9gag-fun.9cache.com/photo/a9y4Gzo_460svav1.mp4,anime,2025-12-15T21:47:49.968103
https://img-9gag-fun.9cache.com/photo/apRnMD5_460sv.mp4,anime,2025-12-15T21:47:56.044195
https://img-9gag-fun.9cache.com/photo/aXPmOj2_460sv.mp4,anime,2025-12-15T21:48:03.895453
https://img-9gag-fun.9cache.com/photo/aO8nWzy_460sv.mp4,anime,2025-12-15T21:48:03.895453
https://img-9gag-fun.9cache.com/photo/axyerZY_460sv.mp4,anime,2025-12-15T21:48:09.104315
https://img-9gag-fun.9cache.com/photo/adBWwEd_460sv.mp4,anime,2025-12-15T21:48:14.564687
https://img-9gag-fun.9cache.com/photo/ayNmwrr_460sv.mp4,anime,2025-12-15T21:48:21.927147
https://img-9gag-fun.9cache.com/photo/aoyGwYA_460sv.mp4,anime,2025-12-15T21:48:27.896164
https://img-9gag-fun.9cache.com/photo/aE0j5yp_460sv.mp4,anime,2025-12-15T21:48:27.896164
https://img-9gag-fun.9cache.com/photo/ae9qw3m_460svav1.mp4,anime,2025-12-15T21:48:54.223260
https://img-9gag-fun.9cache.com/photo/aqyVw5L_460sv.mp4,anime,2025-12-15T21:48:54.223260
https://img-9gag-fun.9cache.com/photo/aByb5Kx_460sv.mp4,anime,2025-12-15T21:49:01.768290
https://img-9gag-fun.9cache.com/photo/apRn7wb_460sv.mp4,anime,2025-12-15T21:49:07.484479
https://img-9gag-fun.9cache.com/photo/aRB8W52_460sv.mp4,anime,2025-12-15T21:49:07.484479
https://img-9gag-fun.9cache.com/photo/a0eDgzd_460svav1.mp4,anime,2025-12-15T21:49:14.292151
https://img-9gag-fun.9cache.com/photo/a7omgem_460sv.mp4,anime,2025-12-15T21:49:30.639662
https://img-9gag-fun.9cache.com/photo/aO8nEP3_460sv.mp4,anime,2025-12-15T21:49:30.640659
https://img-9gag-fun.9cache.com/photo/amoOQGV_460sv.mp4,anime,2025-12-15T21:49:30.640659
https://img-9gag-fun.9cache.com/photo/aAyLAyo_460sv.mp4,anime,2025-12-15T21:49:38.052762
https://img-9gag-fun.9cache.com/photo/aGyrPwn_460sv.mp4,news,2025-12-15T21:50:28.385623
https://img-9gag-fun.9cache.com/photo/a1m8zyR_460svav1.mp4,news,2025-12-15T21:50:45.941742
https://img-9gag-fun.9cache.com/photo/aAyLWAo_460sv.mp4,news,2025-12-15T21:51:11.594344
https://img-9gag-fun.9cache.com/photo/avyBYVZ_460sv.mp4,news,2025-12-15T21:51:11.595343
https://img-9gag-fun.9cache.com/photo/ajP3pZR_460sv.mp4,cosplay,2025-12-15T21:52:26.839630
https://img-9gag-fun.9cache.com/photo/a4PBv5d_460sv.mp4,cosplay,2025-12-15T21:52:34.783028
https://img-9gag-fun.9cache.com/photo/aW4ezW6_460sv.mp4,cosplay,2025-12-15T21:52:34.783028
https://img-9gag-fun.9cache.com/photo/aD2qKXB_460sv.mp4,cosplay,2025-12-15T21:52:41.026805
https://img-9gag-fun.9cache.com/photo/awy9jD4_460sv.mp4,cosplay,2025-12-15T21:52:55.847371
https://img-9gag-fun.9cache.com/photo/a87vNx1_460sv.mp4,cosplay,2025-12-15T21:52:55.848367
https://img-9gag-fun.9cache.com/photo/aKGXZ6W_460svav1.mp4,cosplay,2025-12-15T21:53:02.056516
https://img-9gag-fun.9cache.com/photo/azxvyMB_460svav1.mp4,cosplay,2025-12-15T21:53:09.781538
https://img-9gag-fun.9cache.com/photo/aqyVVVY_460svav1.mp4,cosplay,2025-12-15T21:53:16.915208
https://img-9gag-fun.9cache.com/photo/a5Q9AeE_460sv.mp4,cosplay,2025-12-15T21:53:16.915208
https://img-9gag-fun.9cache.com/photo/abALm9X_460sv.mp4,cosplay,2025-12-15T21:53:32.955538
https://img-9gag-fun.9cache.com/photo/a4PBr0Q_460svav1.mp4,cosplay,2025-12-15T21:53:32.956532
https://img-9gag-fun.9cache.com/photo/axyeAe2_460sv.mp4,cosplay,2025-12-15T21:53:48.278947
https://img-9gag-fun.9cache.com/photo/aO8nGK6_460sv.mp4,cosplay,2025-12-15T21:53:48.279943
https://img-9gag-fun.9cache.com/photo/an70VZz_460sv.mp4,cosplay,2025-12-15T21:53:48.279943
https://img-9gag-fun.9cache.com/photo/a1m8OQY_460svav1.mp4,cosplay,2025-12-15T21:53:55.381057
https://img-9gag-fun.9cache.com/photo/aE0jXLo_460sv.mp4,cosplay,2025-12-15T21:54:10.257423
https://img-9gag-fun.9cache.com/photo/aXPm2Ov_460sv.mp4,cosplay,2025-12-15T21:54:16.135105
https://img-9gag-fun.9cache.com/photo/aO8nPVr_460svav1.mp4,cosplay,2025-12-15T21:54:16.135105
https://img-9gag-fun.9cache.com/photo/aLnOX2z_460sv.mp4,cosplay,2025-12-15T21:54:16.135105
https://img-9gag-fun.9cache.com/photo/a87v2W1_460svav1.mp4,cosplay,2025-12-15T21:54:23.386430
https://img-9gag-fun.9cache.com/photo/ajP32Q1_460sv.mp4,politics,2025-12-15T21:55:52.348565
https://img-9gag-fun.9cache.com/photo/aPAVOMR_460svav1.mp4,memes,2025-12-15T21:56:43.698542
https://img-9gag-fun.9cache.com/photo/azxv6EZ_460svav1.mp4,memes,2025-12-15T21:57:04.631145
https://img-9gag-fun.9cache.com/photo/aNDGyAb_460svav1.mp4,memes,2025-12-15T21:57:11.572112
https://img-9gag-fun.9cache.com/photo/azxv6Ap_460svav1.mp4,memes,2025-12-15T21:57:11.573109
https://img-9gag-fun.9cache.com/photo/aAyLnp2_460sv.mp4,memes,2025-12-15T21:57:11.573109
https://img-9gag-fun.9cache.com/photo/avyBbgX_460svav1.mp4,memes,2025-12-15T21:57:28.917307
https://img-9gag-fun.9cache.com/photo/an70ppL_460sv.mp4,memes,2025-12-15T21:57:28.917307
https://img-9gag-fun.9cache.com/photo/ayNmgyW_460sv.mp4,memes,2025-12-15T21:57:54.187156
https://img-9gag-fun.9cache.com/photo/aNDGymG_460sv.mp4,memes,2025-12-15T21:57:54.187156
https://img-9gag-fun.9cache.com/photo/amoOjE4_460sv.mp4,memes,2025-12-15T21:58:09.668320
https://img-9gag-fun.9cache.com/photo/aPAVNqg_460svav1.mp4,memes,2025-12-15T21:58:26.454192
https://img-9gag-fun.9cache.com/photo/aLnOYog_460svav1.mp4,memes,2025-12-15T21:58:48.160708
https://img-9gag-fun.9cache.com/photo/a0eDADQ_460sv.mp4,memes,2025-12-15T21:58:54.786360
https://img-9gag-fun.9cache.com/photo/aVv9nnn_460sv.mp4,memes,2025-12-15T21:59:11.103758
https://img-9gag-fun.9cache.com/photo/a2vABnD_460sv.mp4,games,2025-12-15T22:00:09.798003
https://img-9gag-fun.9cache.com/photo/a6ZevQb_460sv.mp4,games,2025-12-15T22:00:16.258580
https://img-9gag-fun.9cache.com/photo/aVv9n3P_460sv.mp4,games,2025-12-15T22:00:16.258580
https://img-9gag-fun.9cache.com/photo/aryDjrd_460sv.mp4,games,2025-12-15T22:00:24.002951
https://img-9gag-fun.9cache.com/photo/avyB3wM_460svav1.mp4,games,2025-12-15T22:00:24.003949
https://img-9gag-fun.9cache.com/photo/apRnW6b_460sv.mp4,games,2025-12-15T22:00:30.766787
https://img-9gag-fun.9cache.com/photo/amoOEG2_460sv.mp4,games,2025-12-15T22:00:30.766787
https://img-9gag-fun.9cache.com/photo/aZZ4Gb6_460svav1.mp4,games,2025-12-15T22:00:37.162515
https://img-9gag-fun.9cache.com/photo/aW4ez5K_460sv.mp4,games,2025-12-15T22:00:51.301479
https://img-9gag-fun.9cache.com/photo/aAyLjNR_460sv.mp4,games,2025-12-15T22:00:57.402675
https://img-9gag-fun.9cache.com/photo/amoO36X_460sv.mp4,games,2025-12-15T22:00:57.402675
https://img-9gag-fun.9cache.com/photo/aoyGvB3_460svav1.mp4,games,2025-12-15T22:01:13.162590
https://img-9gag-fun.9cache.com/photo/a6Ze04q_460sv.mp4,games,2025-12-15T22:01:20.618938
https://img-9gag-fun.9cache.com/photo/a4PBX6w_460svav1.mp4,games,2025-12-15T22:01:27.424424
https://img-9gag-fun.9cache.com/photo/aGyrm2X_460sv.mp4,games,2025-12-15T22:01:27.425421
https://img-9gag-fun.9cache.com/photo/a9y4x1j_460sv.mp4,games,2025-12-15T22:01:35.160140
https://img-9gag-fun.9cache.com/photo/aAyL8Dp_460sv.mp4,games,2025-12-15T22:01:35.160140
https://img-9gag-fun.9cache.com/photo/ae9q885_460sv.mp4,games,2025-12-15T22:01:41.264902
https://img-9gag-fun.9cache.com/photo/aW4erB4_460sv.mp4,games,2025-12-15T22:01:41.265899
https://img-9gag-fun.9cache.com/photo/axyeqn2_460svav1.mp4,games,2025-12-15T22:01:48.121960
https://img-9gag-fun.9cache.com/photo/azxv68j_460svav1.mp4,wtf,2025-12-15T22:02:38.691529
https://img-9gag-fun.9cache.com/photo/aPAVO4V_460svav1.mp4,wtf,2025-12-15T22:02:41.022717
https://img-9gag-fun.9cache.com/photo/aQzDY6e_460sv.mp4,wtf,2025-12-15T22:02:46.171275
https://img-9gag-fun.9cache.com/photo/ayNmy5r_460svav1.mp4,wtf,2025-12-15T22:02:46.171275
https://img-9gag-fun.9cache.com/photo/ajP320Q_460sv.mp4,wtf,2025-12-15T22:02:46.172272
https://img-9gag-fun.9cache.com/photo/aMV0p1X_460sv.mp4,wtf,2025-12-15T22:02:51.954425
https://img-9gag-fun.9cache.com/photo/aE0jrLG_460sv.mp4,wtf,2025-12-15T22:02:57.526270
https://img-9gag-fun.9cache.com/photo/aLnOYZ5_460sv.mp4,wtf,2025-12-15T22:02:57.527269
https://img-9gag-fun.9cache.com/photo/ajP3bvg_460sv.mp4,wtf,2025-12-15T22:03:13.193431
https://img-9gag-fun.9cache.com/photo/aKGX0bQ_460sv.mp4,wtf,2025-12-15T22:03:13.193431
https://img-9gag-fun.9cache.com/photo/awy9RPy_460svav1.mp4,wtf,2025-12-15T22:03:20.084094
https://img-9gag-fun.9cache.com/photo/azxvNBx_460svav1.mp4,wtf,2025-12-15T22:03:27.051775
https://img-9gag-fun.9cache.com/photo/a9y4QDW_460sv.mp4,wtf,2025-12-15T22:03:33.975112
https://img-9gag-fun.9cache.com/photo/ayNmgvY_460svav1.mp4,wtf,2025-12-15T22:03:33.976109
https://img-9gag-fun.9cache.com/photo/amoOjry_460sv.mp4,wtf,2025-12-15T22:03:51.396200
https://img-9gag-fun.9cache.com/photo/aBybq8D_460svav1.mp4,wtf,2025-12-15T22:03:51.397195
https://img-9gag-fun.9cache.com/photo/ayNmgey_460sv.mp4,wtf,2025-12-15T22:03:51.397195
https://img-9gag-fun.9cache.com/photo/avyBYLE_460sv.mp4,wtf,2025-12-15T22:03:58.310939
https://img-9gag-fun.9cache.com/photo/aryD6R7_460sv.mp4,wtf,2025-12-15T22:04:05.372111
https://img-9gag-fun.9cache.com/photo/a5Q9mKr_460sv.mp4,wtf,2025-12-15T22:04:05.372111
https://img-9gag-fun.9cache.com/photo/aD2qp3d_460sv.mp4,wtf,2025-12-15T22:04:05.373110
https://img-9gag-fun.9cache.com/photo/aAyLojg_460svav1.mp4,wtf,2025-12-15T22:04:12.938035
https://img-9gag-fun.9cache.com/photo/a9y493D_460svav1.mp4,wtf,2025-12-15T22:04:12.938035
https://img-9gag-fun.9cache.com/photo/a9y49w0_460svav1.mp4,wtf,2025-12-15T22:04:18.825181
https://img-9gag-fun.9cache.com/photo/a34zVgQ_460sv.mp4,wtf,2025-12-15T22:04:25.876745
https://img-9gag-fun.9cache.com/photo/avyB3NW_460sv.mp4,wtf,2025-12-15T22:04:25.877745
https://img-9gag-fun.9cache.com/photo/an70L3V_460sv.mp4,wtf,2025-12-15T22:04:32.242315
https://img-9gag-fun.9cache.com/photo/aXPm5mb_460svav1.mp4,wtf,2025-12-15T22:04:32.243311
https://img-9gag-fun.9cache.com/photo/ayNmOvq_460svav1.mp4,wtf,2025-12-15T22:04:38.876362
https://img-9gag-fun.9cache.com/photo/agmpPEg_460sv.mp4,wtf,2025-12-15T22:04:38.876362
https://img-9gag-fun.9cache.com/photo/a87vBmY_460sv.mp4,wtf,2025-12-15T22:04:55.388343
https://img-9gag-fun.9cache.com/photo/aE0jL6n_460sv.mp4,wtf,2025-12-15T22:05:02.793244
https://img-9gag-fun.9cache.com/photo/aQzD0gq_460sv.mp4,wtf,2025-12-15T22:05:02.794241
https://img-9gag-fun.9cache.com/photo/ayNmOqM_460svav1.mp4,wtf,2025-12-15T22:05:02.794241
https://img-9gag-fun.9cache.com/photo/ae9qv1v_460svav1.mp4,wtf,2025-12-15T22:05:09.328787
https://img-9gag-fun.9cache.com/photo/aD2qExB_460sv.mp4,wtf,2025-12-15T22:05:09.329785
https://img-9gag-fun.9cache.com/photo/aLnOyM5_460sv.mp4,wtf,2025-12-15T22:05:25.393590
https://img-9gag-fun.9cache.com/photo/avyB3nd_460svav1.mp4,wtf,2025-12-15T22:05:25.393590
https://img-9gag-fun.9cache.com/photo/amoOE8X_460svav1.mp4,wtf,2025-12-15T22:05:32.177334
https://img-9gag-fun.9cache.com/photo/aW4ew16_460sv.mp4,wtf,2025-12-15T22:05:32.177334
https://img-9gag-fun.9cache.com/photo/aoyGb02_460sv.mp4,wtf,2025-12-15T22:05:38.929653
https://img-9gag-fun.9cache.com/photo/aGyrW95_460sv.mp4,wtf,2025-12-15T22:05:38.930649
https://img-9gag-fun.9cache.com/photo/a34zVY7_460svav1.mp4,wtf,2025-12-15T22:05:46.503442
https://img-9gag-fun.9cache.com/photo/ayNmGGY_460svav1.mp4,wtf,2025-12-15T22:05:53.091274
https://img-9gag-fun.9cache.com/photo/aD2qyK9_460sv.mp4,wtf,2025-12-15T22:05:53.091274
https://img-9gag-fun.9cache.com/photo/abAL7Np_460svav1.mp4,wtf,2025-12-15T22:05:59.187184
https://img-9gag-fun.9cache.com/photo/a87vZgO_460svav1.mp4,wtf,2025-12-15T22:06:06.265658
https://img-9gag-fun.9cache.com/photo/a6ZeP32_460sv.mp4,wtf,2025-12-15T22:06:13.414711
https://img-9gag-fun.9cache.com/photo/aVv9A4n_460sv.mp4,wtf,2025-12-15T22:06:13.415709
https://img-9gag-fun.9cache.com/photo/azxvnQz_460sv.mp4,wtf,2025-12-15T22:06:13.416705
https://img-9gag-fun.9cache.com/photo/aW4eKAx_460svav1.mp4,relationship,2025-12-15T22:06:48.107140
https://img-9gag-fun.9cache.com/photo/azxvNEx_460sv.mp4,relationship,2025-12-15T22:06:54.465419
https://img-9gag-fun.9cache.com/photo/aryDjPp_460sv.mp4,relationship,2025-12-15T22:07:01.125651
https://img-9gag-fun.9cache.com/photo/aNDG626_460sv.mp4,relationship,2025-12-15T22:07:08.852024
https://img-9gag-fun.9cache.com/photo/aGyrWqz_460sv.mp4,relationship,2025-12-15T22:07:08.852024
https://img-9gag-fun.9cache.com/photo/aPAVKoR_460svav1.mp4,relationship,2025-12-15T22:07:14.705904
https://img-9gag-fun.9cache.com/photo/aKGXrOW_460sv.mp4,relationship,2025-12-15T22:07:14.705904
https://img-9gag-fun.9cache.com/photo/a1m8GvD_460svav1.mp4,relationship,2025-12-15T22:07:31.797169
https://img-9gag-fun.9cache.com/photo/aGyrXoX_460sv.mp4,relationship,2025-12-15T22:07:47.839556
https://img-9gag-fun.9cache.com/photo/aoyGXx3_460sv.mp4,relationship,2025-12-15T22:07:47.839556
https://img-9gag-fun.9cache.com/photo/aW4ezed_460sv.mp4,relationship,2025-12-15T22:07:47.840554
https://img-9gag-fun.9cache.com/photo/aAyLjGp_460sv.mp4,relationship,2025-12-15T22:08:03.788556
https://img-9gag-fun.9cache.com/photo/aGyrXjn_460svav1.mp4,relationship,2025-12-15T22:08:03.788556
https://img-9gag-fun.9cache.com/photo/apRnO55_460sv.mp4,relationship,2025-12-15T22:08:03.788556
https://img-9gag-fun.9cache.com/photo/aO8nMEN_460svav1.mp4,relationship,2025-12-15T22:08:18.390446
https://img-9gag-fun.9cache.com/photo/an70mw5_460sv.mp4,relationship,2025-12-15T22:08:18.390446
https://img-9gag-fun.9cache.com/photo/aVv9AjP_460sv.mp4,relationship,2025-12-15T22:08:18.391443
https://img-9gag-fun.9cache.com/photo/ae9qndW_460svav1.mp4,relationship,2025-12-15T22:08:24.544913
https://img-9gag-fun.9cache.com/photo/aNDG7Vv_460sv.mp4,relationship,2025-12-15T22:08:24.544913
https://img-9gag-fun.9cache.com/photo/aE0j9oG_460sv.mp4,relationship,2025-12-15T22:08:31.304470
https://img-9gag-fun.9cache.com/photo/awy9EmQ_460svav1.mp4,relationship,2025-12-15T22:08:31.305468
https://img-9gag-fun.9cache.com/photo/aE0j90o_460svav1.mp4,relationship,2025-12-15T22:08:37.468674
https://img-9gag-fun.9cache.com/photo/aAyLzWL_460svav1.mp4,relationship,2025-12-15T22:08:37.468674
https://img-9gag-fun.9cache.com/photo/aMV0oex_460sv.mp4,relationship,2025-12-15T22:08:43.835271
https://img-9gag-fun.9cache.com/photo/aRB8q5B_460svav1.mp4,relationship,2025-12-15T22:08:43.836269
https://img-9gag-fun.9cache.com/photo/ayNmjby_460sv.mp4,relationship,2025-12-15T22:08:49.604781
https://img-9gag-fun.9cache.com/photo/aPAVboP_460svav1.mp4,relationship,2025-12-15T22:08:57.375230
https://img-9gag-fun.9cache.com/photo/aLnO7XM_460svav1.mp4,relationship,2025-12-15T22:08:57.376226
https://img-9gag-fun.9cache.com/photo/aNDGEVr_460sv.mp4,relationship,2025-12-15T22:08:57.376226
https://img-9gag-fun.9cache.com/photo/an70Pgz_460sv.mp4,relationship,2025-12-15T22:09:03.459293
https://img-9gag-fun.9cache.com/photo/a0eDy7L_460svav1.mp4,relationship,2025-12-15T22:09:03.459293
https://img-9gag-fun.9cache.com/photo/aXPmO89_460sv.mp4,relationship,2025-12-15T22:09:10.594595
https://img-9gag-fun.9cache.com/photo/aKGXMr3_460sv.mp4,relationship,2025-12-15T22:09:10.595590
https://img-9gag-fun.9cache.com/photo/aVv96nM_460sv.mp4,relationship,2025-12-15T22:09:10.595590
https://img-9gag-fun.9cache.com/photo/aO8nWpr_460svav1.mp4,relationship,2025-12-15T22:09:18.107109
https://img-9gag-fun.9cache.com/photo/aNDGbjw_460sv.mp4,relationship,2025-12-15T22:09:25.489929
https://img-9gag-fun.9cache.com/photo/avyBjxE_460sv.mp4,relationship,2025-12-15T22:09:25.490926
https://img-9gag-fun.9cache.com/photo/aoyG7gx_460svav1.mp4,relationship,2025-12-15T22:09:25.490926
https://img-9gag-fun.9cache.com/photo/ajP34AR_460svav1.mp4,relationship,2025-12-15T22:09:32.657342
https://img-9gag-fun.9cache.com/photo/aByb5BO_460sv.mp4,relationship,2025-12-15T22:09:32.657342
https://img-9gag-fun.9cache.com/photo/aRB8d9y_460svav1.mp4,relationship,2025-12-15T22:09:40.271933
https://img-9gag-fun.9cache.com/photo/a7omXGL_460sv.mp4,relationship,2025-12-15T22:09:40.271933
https://img-9gag-fun.9cache.com/photo/a6Ze68m_460svav1.mp4,relationship,2025-12-15T22:09:40.272930
https://img-9gag-fun.9cache.com/photo/aW4e503_460sv.mp4,relationship,2025-12-15T22:09:47.176698
https://img-9gag-fun.9cache.com/photo/ae9qw9O_460sv.mp4,relationship,2025-12-15T22:09:53.691720
https://img-9gag-fun.9cache.com/photo/adBWw6V_460svav1.mp4,relationship,2025-12-15T22:09:53.691720
https://img-9gag-fun.9cache.com/photo/aMV0516_460sv.mp4,relationship,2025-12-15T22:09:53.692716
https://img-9gag-fun.9cache.com/photo/a34zr3v_460svav1.mp4,relationship,2025-12-15T22:09:53.692716
https://img-9gag-fun.9cache.com/photo/aE0j5do_460sv.mp4,relationship,2025-12-15T22:10:00.531566
https://img-9gag-fun.9cache.com/photo/aGyrv35_460sv.mp4,relationship,2025-12-15T22:10:00.532564
https://img-9gag-fun.9cache.com/photo/aoyGBp0_460sv.mp4,music,2025-12-15T22:10:25.247431
https://img-9gag-fun.9cache.com/photo/aW4eK52_460sv.mp4,music,2025-12-15T22:10:33.840122
https://img-9gag-fun.9cache.com/photo/a7om4GA_460svav1.mp4,music,2025-12-15T22:10:40.704293
https://img-9gag-fun.9cache.com/photo/a34z9z7_460sv.mp4,music,2025-12-15T22:10:40.704293
https://img-9gag-fun.9cache.com/photo/ajP3ozG_460sv.mp4,music,2025-12-15T22:10:47.911021
https://img-9gag-fun.9cache.com/photo/agmpMrx_460sv.mp4,music,2025-12-15T22:10:47.912017
https://img-9gag-fun.9cache.com/photo/aAyLWr0_460sv.mp4,music,2025-12-15T22:10:47.912017
https://img-9gag-fun.9cache.com/photo/aqyVqoR_460svav1.mp4,music,2025-12-15T22:10:55.564934
https://img-9gag-fun.9cache.com/photo/aQzD0Kw_460sv.mp4,music,2025-12-15T22:10:55.565930
https://img-9gag-fun.9cache.com/photo/aByb7jx_460sv.mp4,music,2025-12-15T22:10:55.565930
https://img-9gag-fun.9cache.com/photo/a7omzPm_460svav1.mp4,music,2025-12-15T22:10:55.566928
https://img-9gag-fun.9cache.com/photo/amoOEv9_460sv.mp4,music,2025-12-15T22:11:02.830604
https://img-9gag-fun.9cache.com/photo/ayNmO4Y_460sv.mp4,music,2025-12-15T22:11:02.830604
https://img-9gag-fun.9cache.com/photo/aD2qEDx_460sv.mp4,music,2025-12-15T22:11:02.831600
https://img-9gag-fun.9cache.com/photo/aPAVKRB_460sv.mp4,music,2025-12-15T22:11:09.262781
https://img-9gag-fun.9cache.com/photo/an70LNB_460sv.mp4,music,2025-12-15T22:11:09.262781
https://img-9gag-fun.9cache.com/photo/amoOE8v_460sv.mp4,music,2025-12-15T22:11:15.490188
https://img-9gag-fun.9cache.com/photo/amoOE0X_460svav1.mp4,music,2025-12-15T22:11:15.490188
https://img-9gag-fun.9cache.com/photo/aByb7rx_460sv.mp4,music,2025-12-15T22:11:15.491187
https://img-9gag-fun.9cache.com/photo/aYQv2xw_460sv.mp4,music,2025-12-15T22:11:15.491187
https://img-9gag-fun.9cache.com/photo/abAL7D9_460sv.mp4,music,2025-12-15T22:11:23.355322
https://img-9gag-fun.9cache.com/photo/aZZ4Gxp_460sv.mp4,music,2025-12-15T22:11:23.355322
https://img-9gag-fun.9cache.com/photo/axye5qb_460sv.mp4,music,2025-12-15T22:11:23.356319
https://img-9gag-fun.9cache.com/photo/aRB8ndj_460svav1.mp4,music,2025-12-15T22:11:23.356319
https://img-9gag-fun.9cache.com/photo/a2vAejp_460sv.mp4,music,2025-12-15T22:11:30.857064
https://img-9gag-fun.9cache.com/photo/an706wn_460sv.mp4,music,2025-12-15T22:11:30.858060
https://img-9gag-fun.9cache.com/photo/ae9qLPp_460sv.mp4,music,2025-12-15T22:11:30.859057
https://img-9gag-fun.9cache.com/photo/ae9qLLb_460sv.mp4,music,2025-12-15T22:11:30.859057
https://img-9gag-fun.9cache.com/photo/aKGXRNQ_460sv.mp4,music,2025-12-15T22:11:37.646837
https://img-9gag-fun.9cache.com/photo/aoyGXdm_460svav1.mp4,music,2025-12-15T22:11:37.647834
https://img-9gag-fun.9cache.com/photo/amoO3R4_460sv.mp4,music,2025-12-15T22:11:37.647834
https://img-9gag-fun.9cache.com/photo/ayNmG6q_460sv.mp4,music,2025-12-15T22:11:44.280958
https://img-9gag-fun.9cache.com/photo/aPAV58G_460sv.mp4,music,2025-12-15T22:11:44.280958
https://img-9gag-fun.9cache.com/photo/aNDGNOA_460svav1.mp4,music,2025-12-15T22:11:44.280958
https://img-9gag-fun.9cache.com/photo/aVv9AbO_460svav1.mp4,music,2025-12-15T22:11:51.712461
https://img-9gag-fun.9cache.com/photo/awy9wyx_460sv.mp4,music,2025-12-15T22:11:51.713459
https://img-9gag-fun.9cache.com/photo/aLnOxpz_460svav1.mp4,music,2025-12-15T22:11:51.713459
https://img-9gag-fun.9cache.com/photo/ae9qLQb_460svav1.mp4,music,2025-12-15T22:11:51.714457
https://img-9gag-fun.9cache.com/photo/a6ZePbR_460sv.mp4,music,2025-12-15T22:11:58.635583
https://img-9gag-fun.9cache.com/photo/aNDGNg4_460sv.mp4,music,2025-12-15T22:11:58.635583
https://img-9gag-fun.9cache.com/photo/aRB8nm5_460svav1.mp4,music,2025-12-15T22:11:58.635583
https://img-9gag-fun.9cache.com/photo/avyBN5O_460svav1.mp4,music,2025-12-15T22:11:58.636580
https://img-9gag-fun.9cache.com/photo/a34zmLQ_460svav1.mp4,music,2025-12-15T22:12:06.491010
https://img-9gag-fun.9cache.com/photo/a0eDBLZ_460sv.mp4,music,2025-12-15T22:12:06.492008
https://img-9gag-fun.9cache.com/photo/aO8nM6E_460sv.mp4,music,2025-12-15T22:12:14.324593
https://img-9gag-fun.9cache.com/photo/amoO3Nv_460svav1.mp4,music,2025-12-15T22:12:14.324593
https://img-9gag-fun.9cache.com/photo/a9y4xeW_460sv.mp4,music,2025-12-15T22:12:20.568051
https://img-9gag-fun.9cache.com/photo/aZZ46Ap_460sv.mp4,music,2025-12-15T22:12:20.569048
https://img-9gag-fun.9cache.com/photo/aVv9pA2_460sv.mp4,music,2025-12-15T22:12:20.569048
https://img-9gag-fun.9cache.com/photo/aXPmymP_460svav1.mp4,music,2025-12-15T22:12:20.570046
https://img-9gag-fun.9cache.com/photo/avyBYEX_460svav1.mp4,motorvehicles,2025-12-15T22:12:45.607346
https://img-9gag-fun.9cache.com/photo/aNDG66r_460sv.mp4,motorvehicles,2025-12-15T22:12:48.479187
https://img-9gag-fun.9cache.com/photo/aQzD0y8_460svav1.mp4,motorvehicles,2025-12-15T22:12:55.723077
https://img-9gag-fun.9cache.com/photo/a87vB7e_460sv.mp4,motorvehicles,2025-12-15T22:12:55.723077
https://img-9gag-fun.9cache.com/photo/aLnOyez_460sv.mp4,motorvehicles,2025-12-15T22:12:55.723077
https://img-9gag-fun.9cache.com/photo/aBybpAA_460svav1.mp4,motorvehicles,2025-12-15T22:13:02.434302
https://img-9gag-fun.9cache.com/photo/aryDjmp_460sv.mp4,motorvehicles,2025-12-15T22:13:02.435299
https://img-9gag-fun.9cache.com/photo/apRnOZ5_460sv.mp4,motorvehicles,2025-12-15T22:13:10.311618
https://img-9gag-fun.9cache.com/photo/aRB8nNy_460sv.mp4,motorvehicles,2025-12-15T22:13:10.312617
https://img-9gag-fun.9cache.com/photo/aGyrX8G_460sv.mp4,motorvehicles,2025-12-15T22:13:10.312617
https://img-9gag-fun.9cache.com/photo/aKGXRvZ_460sv.mp4,motorvehicles,2025-12-15T22:13:16.510033
https://img-9gag-fun.9cache.com/photo/aKGXR6b_460svav1.mp4,motorvehicles,2025-12-15T22:13:16.511030
https://img-9gag-fun.9cache.com/photo/aAyLjrL_460svav1.mp4,motorvehicles,2025-12-15T22:13:16.511030
https://img-9gag-fun.9cache.com/photo/aD2qynO_460svav1.mp4,motorvehicles,2025-12-15T22:13:16.512028
https://img-9gag-fun.9cache.com/photo/avyBNPn_460svav1.mp4,motorvehicles,2025-12-15T22:13:16.512028
https://img-9gag-fun.9cache.com/photo/aVv9AOv_460svav1.mp4,motorvehicles,2025-12-15T22:13:22.624209
https://img-9gag-fun.9cache.com/photo/aVv9pny_460sv.mp4,motorvehicles,2025-12-15T22:13:22.624209
https://img-9gag-fun.9cache.com/photo/amoOeKj_460sv.mp4,motorvehicles,2025-12-15T22:13:22.625206
https://img-9gag-fun.9cache.com/photo/azxvWyj_460svav1.mp4,motorvehicles,2025-12-15T22:13:22.625206
https://img-9gag-fun.9cache.com/photo/aAyLznL_460svav1.mp4,motorvehicles,2025-12-15T22:13:28.387332
https://img-9gag-fun.9cache.com/photo/aW4e3Dq_460sv.mp4,motorvehicles,2025-12-15T22:13:34.999125
https://img-9gag-fun.9cache.com/photo/a0eDymZ_460sv.mp4,motorvehicles,2025-12-15T22:13:34.999125
https://img-9gag-fun.9cache.com/photo/aoyGQDg_460sv.mp4,motorvehicles,2025-12-15T22:13:35.000121
https://img-9gag-fun.9cache.com/photo/abALn1v_460svav1.mp4,motorvehicles,2025-12-15T22:13:41.647431
https://img-9gag-fun.9cache.com/photo/a7omRLb_460svav1.mp4,motorvehicles,2025-12-15T22:13:41.647431
https://img-9gag-fun.9cache.com/photo/aqyVEEL_460svav1.mp4,motorvehicles,2025-12-15T22:13:48.547990
https://img-9gag-fun.9cache.com/photo/amoOZKv_460sv.mp4,motorvehicles,2025-12-15T22:13:48.548986
https://img-9gag-fun.9cache.com/photo/aVv96z2_460sv.mp4,motorvehicles,2025-12-15T22:13:54.789960
https://img-9gag-fun.9cache.com/photo/aD2qvdx_460sv.mp4,motorvehicles,2025-12-15T22:13:54.789960
https://img-9gag-fun.9cache.com/photo/azxv3qK_460sv.mp4,motorvehicles,2025-12-15T22:13:54.790957
https://img-9gag-fun.9cache.com/photo/aKGX5NO_460svav1.mp4,motorvehicles,2025-12-15T22:14:01.554993
https://img-9gag-fun.9cache.com/photo/a2vApxD_460sv.mp4,motorvehicles,2025-12-15T22:14:01.554993
https://img-9gag-fun.9cache.com/photo/apRnMoB_460sv.mp4,motorvehicles,2025-12-15T22:14:01.555989
https://img-9gag-fun.9cache.com/photo/a2vAgQ9_460sv.mp4,motorvehicles,2025-12-15T22:14:08.989352
https://img-9gag-fun.9cache.com/photo/a1m8gyb_460sv.mp4,motorvehicles,2025-12-15T22:14:08.990349
https://img-9gag-fun.9cache.com/photo/awy92my_460sv.mp4,motorvehicles,2025-12-15T22:14:08.990349
https://img-9gag-fun.9cache.com/photo/aryDE0V_460svav1.mp4,motorvehicles,2025-12-15T22:14:15.575888
https://img-9gag-fun.9cache.com/photo/ajP3vj8_460svav1.mp4,motorvehicles,2025-12-15T22:14:15.575888
https://img-9gag-fun.9cache.com/photo/aLnOorW_460svav1.mp4,motorvehicles,2025-12-15T22:14:21.153128
https://img-9gag-fun.9cache.com/photo/aQzDKYw_460sv.mp4,motorvehicles,2025-12-15T22:14:28.963834
https://img-9gag-fun.9cache.com/photo/abALoNB_460sv.mp4,motorvehicles,2025-12-15T22:14:28.963834
https://img-9gag-fun.9cache.com/photo/a0eDG3n_460sv.mp4,motorvehicles,2025-12-15T22:14:28.964832
https://img-9gag-fun.9cache.com/photo/a0eDGZL_460sv.mp4,motorvehicles,2025-12-15T22:14:36.658926
https://img-9gag-fun.9cache.com/photo/aVv98Yy_460svav1.mp4,motorvehicles,2025-12-15T22:14:36.659923
https://img-9gag-fun.9cache.com/photo/agmppz1_460sv.mp4,motorvehicles,2025-12-15T22:14:42.952736
https://img-9gag-fun.9cache.com/photo/aqyVVAZ_460svav1.mp4,motorvehicles,2025-12-15T22:14:42.953733
https://img-9gag-fun.9cache.com/photo/aE0jjjo_460svav1.mp4,motorvehicles,2025-12-15T22:14:42.953733
https://img-9gag-fun.9cache.com/photo/ae9qENv_460sv.mp4,motorvehicles,2025-12-15T22:14:42.954731
https://img-9gag-fun.9cache.com/photo/aAyLLAE_460svav1.mp4,motorvehicles,2025-12-15T22:14:42.954731
https://img-9gag-fun.9cache.com/photo/apRnnL8_460svav1.mp4,motorvehicles,2025-12-15T22:14:49.608813
https://img-9gag-fun.9cache.com/photo/aYQvzwx_460svav1.mp4,animals,2025-12-15T22:15:28.775545
https://img-9gag-fun.9cache.com/photo/avyBbZX_460sv.mp4,animals,2025-12-15T22:15:34.582195
https://img-9gag-fun.9cache.com/photo/a2vAQEp_460sv.mp4,animals,2025-12-15T22:15:34.582195
https://img-9gag-fun.9cache.com/photo/aRB8xeM_460sv.mp4,animals,2025-12-15T22:15:41.387627
https://img-9gag-fun.9cache.com/photo/aBybqDQ_460svav1.mp4,animals,2025-12-15T22:15:47.547527
https://img-9gag-fun.9cache.com/photo/aNDGxxv_460sv.mp4,animals,2025-12-15T22:15:53.990373
https://img-9gag-fun.9cache.com/photo/aNDGx6v_460sv.mp4,animals,2025-12-15T22:16:01.063674
https://img-9gag-fun.9cache.com/photo/aD2qp5G_460sv.mp4,animals,2025-12-15T22:16:01.064671
https://img-9gag-fun.9cache.com/photo/a6Zev0m_460sv.mp4,animals,2025-12-15T22:16:09.022018
https://img-9gag-fun.9cache.com/photo/aKGX0ZZ_460sv.mp4,animals,2025-12-15T22:16:16.524313
https://img-9gag-fun.9cache.com/photo/aVv9nyv_460sv.mp4,animals,2025-12-15T22:16:22.622753
https://img-9gag-fun.9cache.com/photo/a9y4Q0j_460sv.mp4,animals,2025-12-15T22:16:28.898481
https://img-9gag-fun.9cache.com/photo/a9y4Q51_460svav1.mp4,animals,2025-12-15T22:16:36.447962
https://img-9gag-fun.9cache.com/photo/a4PBeRw_460sv.mp4,animals,2025-12-15T22:16:43.288972
https://img-9gag-fun.9cache.com/photo/a5Q9mZV_460sv.mp4,animals,2025-12-15T22:16:49.335612
https://img-9gag-fun.9cache.com/photo/a2vAB5w_460svav1.mp4,animals,2025-12-15T22:16:49.336608
https://img-9gag-fun.9cache.com/photo/a9y4QL6_460sv.mp4,animals,2025-12-15T22:16:57.604701
https://img-9gag-fun.9cache.com/photo/a1m8zYb_460svav1.mp4,animals,2025-12-15T22:16:57.605699
https://img-9gag-fun.9cache.com/photo/amoOjqj_460sv.mp4,animals,2025-12-15T22:17:04.321307
https://img-9gag-fun.9cache.com/photo/an70pe0_460sv.mp4,animals,2025-12-15T22:17:04.321307
https://img-9gag-fun.9cache.com/photo/avyB33X_460sv.mp4,animals,2025-12-15T22:17:11.941805
https://img-9gag-fun.9cache.com/photo/azxv00m_460sv.mp4,animals,2025-12-15T22:17:19.410251
https://img-9gag-fun.9cache.com/photo/amoOEEo_460svav1.mp4,animals,2025-12-15T22:17:19.411247
https://img-9gag-fun.9cache.com/photo/a2vAngD_460sv.mp4,animals,2025-12-15T22:17:26.019045
https://img-9gag-fun.9cache.com/photo/aD2qE5B_460sv.mp4,animals,2025-12-15T22:17:32.213672
https://img-9gag-fun.9cache.com/photo/aPAVKVn_460svav1.mp4,animals,2025-12-15T22:17:32.213672
https://img-9gag-fun.9cache.com/photo/a9y494m_460svav1.mp4,animals,2025-12-15T22:17:32.214667
https://img-9gag-fun.9cache.com/photo/aLnOyV5_460svav1.mp4,animals,2025-12-15T22:17:32.214667
https://img-9gag-fun.9cache.com/photo/agmpPpq_460sv.mp4,animals,2025-12-15T22:17:39.108656
https://img-9gag-fun.9cache.com/photo/a6ZeAxe_460sv.mp4,animals,2025-12-15T22:17:46.681986
https://img-9gag-fun.9cache.com/photo/avyB345_460sv.mp4,animals,2025-12-15T22:17:53.468309
https://img-9gag-fun.9cache.com/photo/aMV03vR_460svav1.mp4,animals,2025-12-15T22:17:53.469307
https://img-9gag-fun.9cache.com/photo/aGyrWNw_460sv.mp4,animals,2025-12-15T22:17:53.469307
https://img-9gag-fun.9cache.com/photo/aqyVqAj_460sv.mp4,animals,2025-12-15T22:17:59.355698
https://img-9gag-fun.9cache.com/photo/aE0jLVM_460svav1.mp4,animals,2025-12-15T22:18:06.688173
https://img-9gag-fun.9cache.com/photo/aryDjAB_460sv.mp4,animals,2025-12-15T22:18:06.689167
https://img-9gag-fun.9cache.com/photo/an70Lv5_460svav1.mp4,animals,2025-12-15T22:18:06.689167
https://img-9gag-fun.9cache.com/photo/aNDG64K_460sv.mp4,animals,2025-12-15T22:18:06.689167
https://img-9gag-fun.9cache.com/photo/aE0jLMn_460sv.mp4,animals,2025-12-15T22:18:13.029817
https://img-9gag-fun.9cache.com/photo/a5Q98QE_460svav1.mp4,animals,2025-12-15T22:18:13.030815
https://img-9gag-fun.9cache.com/photo/ajP3oOx_460sv.mp4,animals,2025-12-15T22:18:13.030815
https://img-9gag-fun.9cache.com/photo/agmpP56_460sv.mp4,animals,2025-12-15T22:18:31.206345
https://img-9gag-fun.9cache.com/photo/aMV03Yx_460svav1.mp4,animals,2025-12-15T22:18:31.206345
https://img-9gag-fun.9cache.com/photo/aZZ4Gm9_460svav1.mp4,animals,2025-12-15T22:18:31.207342
https://img-9gag-fun.9cache.com/photo/aPAVKBK_460svav1.mp4,animals,2025-12-15T22:18:38.838169
https://img-9gag-fun.9cache.com/photo/aD2qEoG_460svav1.mp4,animals,2025-12-15T22:18:55.138089
https://img-9gag-fun.9cache.com/photo/aXPm5qb_460sv.mp4,animals,2025-12-15T22:18:55.139089
https://img-9gag-fun.9cache.com/photo/agmpPrv_460svav1.mp4,animals,2025-12-15T22:19:02.351276
https://img-9gag-fun.9cache.com/photo/awy967R_460sv.mp4,animals,2025-12-15T22:19:02.351276
https://img-9gag-fun.9cache.com/photo/aD2qyBd_460svav1.mp4,animals,2025-12-15T22:19:09.378766
https://img-9gag-fun.9cache.com/photo/avyBbLX_460svav1.mp4,science,2025-12-15T22:19:36.471702
https://img-9gag-fun.9cache.com/photo/an70AeL_460sv.mp4,science,2025-12-15T22:19:39.229592
https://img-9gag-fun.9cache.com/photo/azxvNDB_460sv.mp4,science,2025-12-15T22:20:04.092479
https://img-9gag-fun.9cache.com/photo/ae9qodO_460sv.mp4,science,2025-12-15T22:20:11.290692
https://img-9gag-fun.9cache.com/photo/aByb772_460svav1.mp4,science,2025-12-15T22:20:25.414004
https://img-9gag-fun.9cache.com/photo/a5Q988N_460sv.mp4,science,2025-12-15T22:20:25.415000
https://img-9gag-fun.9cache.com/photo/aVv9NGK_460sv.mp4,science,2025-12-15T22:20:25.415000
https://img-9gag-fun.9cache.com/photo/a7omzRw_460sv.mp4,science,2025-12-15T22:20:32.820761
https://img-9gag-fun.9cache.com/photo/a5Q98Yg_460svav1.mp4,science,2025-12-15T22:20:32.820761
https://img-9gag-fun.9cache.com/photo/a87vBxd_460svav1.mp4,science,2025-12-15T22:20:41.085592
https://img-9gag-fun.9cache.com/photo/ayNmOwX_460sv.mp4,science,2025-12-15T22:20:41.085592
https://img-9gag-fun.9cache.com/photo/a4PBDx1_460sv.mp4,science,2025-12-15T22:20:48.941753
https://img-9gag-fun.9cache.com/photo/a4PBDr1_460sv.mp4,science,2025-12-15T22:20:48.942748
https://img-9gag-fun.9cache.com/photo/a9y496o_460sv.mp4,science,2025-12-15T22:20:48.942748
https://img-9gag-fun.9cache.com/photo/aO8nXxv_460sv.mp4,science,2025-12-15T22:20:55.387535
https://img-9gag-fun.9cache.com/photo/aO8nX7M_460svav1.mp4,science,2025-12-15T22:20:55.387535
https://img-9gag-fun.9cache.com/photo/a34zVwr_460svav1.mp4,science,2025-12-15T22:21:02.198968
https://img-9gag-fun.9cache.com/photo/aVv9Nqv_460sv.mp4,science,2025-12-15T22:21:07.960398
https://img-9gag-fun.9cache.com/photo/adBWmXN_460sv.mp4,science,2025-12-15T22:21:07.960398
https://img-9gag-fun.9cache.com/photo/aPAV5NQ_460sv.mp4,science,2025-12-15T22:21:24.138370
https://img-9gag-fun.9cache.com/photo/a7omQ2e_460sv.mp4,science,2025-12-15T22:21:49.208395
https://img-9gag-fun.9cache.com/photo/amoO3xv_460sv.mp4,science,2025-12-15T22:21:55.718051
https://img-9gag-fun.9cache.com/photo/amoO3Vv_460sv.mp4,science,2025-12-15T22:22:01.988610
https://img-9gag-fun.9cache.com/photo/a6ZePqA_460svav1.mp4,science,2025-12-15T22:22:01.988610
https://img-9gag-fun.9cache.com/photo/aO8nwQN_460svav1.mp4,science,2025-12-15T22:22:08.186926
https://img-9gag-fun.9cache.com/photo/aE0j3gn_460svav1.mp4,science,2025-12-15T22:22:08.187922
https://img-9gag-fun.9cache.com/photo/aXPmBx9_460sv.mp4,science,2025-12-15T22:22:15.797842
https://img-9gag-fun.9cache.com/photo/aoyGXzA_460sv.mp4,science,2025-12-15T22:22:33.047118
https://img-9gag-fun.9cache.com/photo/aE0j37p_460sv.mp4,science,2025-12-15T22:22:33.048115
https://img-9gag-fun.9cache.com/photo/azxvWwx_460sv.mp4,science,2025-12-15T22:22:48.600029
https://img-9gag-fun.9cache.com/photo/a9y4x0W_460sv.mp4,science,2025-12-15T22:22:48.601027
https://img-9gag-fun.9cache.com/photo/aO8nMPR_460sv.mp4,science,2025-12-15T22:22:48.602023
https://img-9gag-fun.9cache.com/photo/aLnOZoz_460svav1.mp4,science,2025-12-15T22:22:48.603019
https://img-9gag-fun.9cache.com/photo/avyBM1d_460svav1.mp4,science,2025-12-15T22:22:55.496305
https://img-9gag-fun.9cache.com/photo/axyeL6D_460svav1.mp4,science,2025-12-15T22:22:55.496305
https://img-9gag-fun.9cache.com/photo/aE0j9WG_460svav1.mp4,science,2025-12-15T22:22:55.497300
https://img-9gag-fun.9cache.com/photo/a87vxPQ_460svav1.mp4,science,2025-12-15T22:23:02.667448
https://img-9gag-fun.9cache.com/photo/a34zXmv_460sv.mp4,science,2025-12-15T22:23:09.237496
https://img-9gag-fun.9cache.com/photo/aQzDWLr_460svav1.mp4,science,2025-12-15T22:23:09.237496
https://img-9gag-fun.9cache.com/photo/apRnZ8b_460svav1.mp4,science,2025-12-15T22:23:26.250148
https://img-9gag-fun.9cache.com/photo/avyBK9O_460svav1.mp4,science,2025-12-15T22:23:26.250148
https://img-9gag-fun.9cache.com/photo/a87vxKO_460sv.mp4,science,2025-12-15T22:23:32.973427
https://img-9gag-fun.9cache.com/photo/ajP3exQ_460sv.mp4,science,2025-12-15T22:23:38.758557
https://img-9gag-fun.9cache.com/photo/aAyLzxo_460svav1.mp4,science,2025-12-15T22:23:45.747248
https://img-9gag-fun.9cache.com/photo/an70Pbo_460svav1.mp4,science,2025-12-15T22:23:45.748243
https://img-9gag-fun.9cache.com/photo/aLnO71P_460sv.mp4,science,2025-12-15T22:23:45.748243
https://img-9gag-fun.9cache.com/photo/aE0j45G_460sv.mp4,science,2025-12-15T22:24:10.849849
https://img-9gag-fun.9cache.com/photo/aryDLD6_460svav1.mp4,science,2025-12-15T22:24:10.849849
https://img-9gag-fun.9cache.com/photo/aAyL9jg_460sv.mp4,science,2025-12-15T22:24:10.850846
https://img-9gag-fun.9cache.com/photo/axyer8D_460svav1.mp4,science,2025-12-15T22:24:10.850846
https://img-9gag-fun.9cache.com/photo/aKGXb4Q_460sv.mp4,comic,2025-12-15T22:24:33.524528
https://img-9gag-fun.9cache.com/photo/aXPm5g6_460svav1.mp4,comic,2025-12-15T22:24:59.290203
https://img-9gag-fun.9cache.com/photo/aVv9ArM_460sv.mp4,comic,2025-12-15T22:25:16.583305
https://img-9gag-fun.9cache.com/photo/ajP3eeR_460sv.mp4,comic,2025-12-15T22:25:32.789257
https://img-9gag-fun.9cache.com/photo/abALnmL_460svav1.mp4,comic,2025-12-15T22:25:39.500320
https://img-9gag-fun.9cache.com/photo/aRB8xAM_460svav1.mp4,wholesome,2025-12-15T22:26:39.044531
https://img-9gag-fun.9cache.com/photo/aE0jeG9_460sv.mp4,wholesome,2025-12-15T22:26:39.044531
https://img-9gag-fun.9cache.com/photo/axyexxW_460svav1.mp4,wholesome,2025-12-15T22:26:46.538044
https://img-9gag-fun.9cache.com/photo/aVv9nnd_460sv.mp4,wholesome,2025-12-15T22:26:52.397593
https://img-9gag-fun.9cache.com/photo/apRnyZW_460svav1.mp4,wholesome,2025-12-15T22:26:58.974662
https://img-9gag-fun.9cache.com/photo/aO8ngOD_460sv.mp4,wholesome,2025-12-15T22:27:06.483967
https://img-9gag-fun.9cache.com/photo/aO8ngm6_460svav1.mp4,wholesome,2025-12-15T22:27:12.273879
https://img-9gag-fun.9cache.com/photo/a2vAQNY_460svav1.mp4,sports,2025-12-15T22:28:14.022309
https://img-9gag-fun.9cache.com/photo/a87vPLO_460sv.mp4,sports,2025-12-15T22:28:31.727199
https://img-9gag-fun.9cache.com/photo/aKGXrKZ_460svav1.mp4,sports,2025-12-15T22:28:38.870854
https://img-9gag-fun.9cache.com/photo/aYQv2mq_460sv.mp4,sports,2025-12-15T22:28:45.735100
https://img-9gag-fun.9cache.com/photo/a5Q98Mg_460sv.mp4,sports,2025-12-15T22:28:51.394765
https://img-9gag-fun.9cache.com/photo/a0eDBBz_460svav1.mp4,sports,2025-12-15T22:28:58.087861
https://img-9gag-fun.9cache.com/photo/ae9qLdB_460sv.mp4,sports,2025-12-15T22:29:05.985178
https://img-9gag-fun.9cache.com/photo/axye5nn_460svav1.mp4,sports,2025-12-15T22:29:05.985178
https://img-9gag-fun.9cache.com/photo/azxvndB_460sv.mp4,sports,2025-12-15T22:29:13.034206
https://img-9gag-fun.9cache.com/photo/a7omQqA_460svav1.mp4,sports,2025-12-15T22:29:20.414584
https://img-9gag-fun.9cache.com/photo/aGyrXzK_460sv.mp4,sports,2025-12-15T22:29:20.414584
https://img-9gag-fun.9cache.com/photo/aGyrXYw_460svav1.mp4,sports,2025-12-15T22:29:26.764500
https://img-9gag-fun.9cache.com/photo/aGyrmN6_460sv.mp4,sports,2025-12-15T22:29:44.137903
https://img-9gag-fun.9cache.com/photo/azxvWzj_460svav1.mp4,sports,2025-12-15T22:29:44.137903
https://img-9gag-fun.9cache.com/photo/aO8nMwr_460sv.mp4,sports,2025-12-15T22:29:44.138900
https://img-9gag-fun.9cache.com/photo/a34z6Ge_460sv.mp4,sports,2025-12-15T22:29:52.680685
https://img-9gag-fun.9cache.com/photo/aRB8bZA_460sv.mp4,sports,2025-12-15T22:30:00.605022
https://img-9gag-fun.9cache.com/photo/aryDQ5B_460svav1.mp4,sports,2025-12-15T22:30:00.606019
https://img-9gag-fun.9cache.com/photo/a9y4xp6_460svav1.mp4,sports,2025-12-15T22:30:00.606019
https://img-9gag-fun.9cache.com/photo/a34zXVv_460sv.mp4,sports,2025-12-15T22:30:06.662144
https://img-9gag-fun.9cache.com/photo/azxvpQj_460sv.mp4,sports,2025-12-15T22:30:12.744364
https://img-9gag-fun.9cache.com/photo/aZZ4OyV_460sv.mp4,sports,2025-12-15T22:30:19.992405
https://img-9gag-fun.9cache.com/photo/aBybBxD_460svav1.mp4,sports,2025-12-15T22:30:19.993401
https://img-9gag-fun.9cache.com/photo/agmpznW_460sv.mp4,sports,2025-12-15T22:30:19.993401
https://img-9gag-fun.9cache.com/photo/adBWzmj_460svav1.mp4,sports,2025-12-15T22:30:26.965936
https://img-9gag-fun.9cache.com/photo/aO8nWXM_460sv.mp4,sports,2025-12-15T22:30:33.720511
https://img-9gag-fun.9cache.com/photo/a87vgzZ_460svav1.mp4,sports,2025-12-15T22:30:33.720511
https://img-9gag-fun.9cache.com/photo/azxv3nb_460sv.mp4,sports,2025-12-15T22:30:33.721507
https://img-9gag-fun.9cache.com/photo/azxv35p_460sv.mp4,sports,2025-12-15T22:30:41.171739
https://img-9gag-fun.9cache.com/photo/aE0j47o_460svav1.mp4,sports,2025-12-15T22:30:56.869226
https://img-9gag-fun.9cache.com/photo/aoyG702_460sv.mp4,sports,2025-12-15T22:30:56.869226
https://img-9gag-fun.9cache.com/photo/aLnOED5_460sv.mp4,sports,2025-12-15T22:30:56.870224
https://img-9gag-fun.9cache.com/photo/aqyVwqQ_460sv.mp4,sports,2025-12-15T22:31:04.555762
https://img-9gag-fun.9cache.com/photo/aVv96Wy_460sv.mp4,sports,2025-12-15T22:31:04.555762
https://img-9gag-fun.9cache.com/photo/aMV05vP_460svav1.mp4,sports,2025-12-15T22:31:11.298044
https://img-9gag-fun.9cache.com/photo/ae9qwMQ_460svav1.mp4,sports,2025-12-15T22:31:18.732239
https://img-9gag-fun.9cache.com/photo/aKGXZYQ_460sv.mp4,sports,2025-12-15T22:31:24.994654
https://img-9gag-fun.9cache.com/photo/aW4eywZ_460svav1.mp4,sports,2025-12-15T22:31:24.994654
https://img-9gag-fun.9cache.com/photo/aRB8WvB_460sv.mp4,sports,2025-12-15T22:31:32.284943
https://img-9gag-fun.9cache.com/photo/a87vNz3_460svav1.mp4,sports,2025-12-15T22:31:32.284943
https://img-9gag-fun.9cache.com/photo/aQzDbgz_460sv.mp4,sports,2025-12-15T22:31:32.285942
https://img-9gag-fun.9cache.com/photo/aYQv6yN_460sv.mp4,sports,2025-12-15T22:31:39.289499
https://img-9gag-fun.9cache.com/photo/aryDEgB_460svav1.mp4,sports,2025-12-15T22:31:39.290497
https://img-9gag-fun.9cache.com/photo/axye8XD_460sv.mp4,sports,2025-12-15T22:31:46.746057
https://img-9gag-fun.9cache.com/photo/ae9qEqq_460sv.mp4,sports,2025-12-15T22:31:52.785906
https://img-9gag-fun.9cache.com/photo/aGyrqbK_460svav1.mp4,sports,2025-12-15T22:31:52.785906
https://img-9gag-fun.9cache.com/photo/apRnXM9_460sv.mp4,sports,2025-12-15T22:31:52.786903
https://img-9gag-fun.9cache.com/photo/axye8AK_460sv.mp4,sports,2025-12-15T22:31:52.786903
https://img-9gag-fun.9cache.com/photo/aMV06wR_460sv.mp4,sports,2025-12-15T22:32:01.217143
https://img-9gag-fun.9cache.com/photo/aD2qLgG_460sv.mp4,sports,2025-12-15T22:32:01.218139
https://img-9gag-fun.9cache.com/photo/an70pyo_460sv.mp4,food,2025-12-15T22:34:18.234171
https://img-9gag-fun.9cache.com/photo/azxv0em_460sv.mp4,food,2025-12-15T22:34:42.935291
https://img-9gag-fun.9cache.com/photo/avyB32q_460svav1.mp4,food,2025-12-15T22:34:59.355645
https://img-9gag-fun.9cache.com/photo/aNDGN8G_460svav1.mp4,food,2025-12-15T22:35:15.397439
https://img-9gag-fun.9cache.com/photo/a1m89w2_460svav1.mp4,food,2025-12-15T22:35:22.371617
https://img-9gag-fun.9cache.com/photo/aPAV5oG_460svav1.mp4,food,2025-12-15T22:35:22.371617
https://img-9gag-fun.9cache.com/photo/aNDGNzr_460sv.mp4,food,2025-12-15T22:35:29.524490
https://img-9gag-fun.9cache.com/photo/aW4ezO6_460svav1.mp4,food,2025-12-15T22:35:36.224195
https://img-9gag-fun.9cache.com/photo/a87vZb6_460sv.mp4,food,2025-12-15T22:35:36.225191
https://img-9gag-fun.9cache.com/photo/aqyV09P_460sv.mp4,food,2025-12-15T22:35:43.079447
https://img-9gag-fun.9cache.com/photo/a7omY4r_460svav1.mp4,food,2025-12-15T22:35:43.079447
https://img-9gag-fun.9cache.com/photo/aQzDLLW_460sv.mp4,food,2025-12-15T22:35:48.879376
https://img-9gag-fun.9cache.com/photo/axyeLQb_460sv.mp4,food,2025-12-15T22:35:55.333547
https://img-9gag-fun.9cache.com/photo/avyBMmW_460sv.mp4,food,2025-12-15T22:35:55.334543
https://img-9gag-fun.9cache.com/photo/a2vA3Xd_460sv.mp4,food,2025-12-15T22:35:55.334543
https://img-9gag-fun.9cache.com/photo/a2vA3yD_460sv.mp4,food,2025-12-15T22:36:01.314000
https://img-9gag-fun.9cache.com/photo/aVv9pZn_460sv.mp4,food,2025-12-15T22:36:01.314997
https://img-9gag-fun.9cache.com/photo/aKGXQwQ_460svav1.mp4,food,2025-12-15T22:36:07.781047
https://img-9gag-fun.9cache.com/photo/aYQv3Ow_460sv.mp4,food,2025-12-15T22:36:07.782045
https://img-9gag-fun.9cache.com/photo/apRn4R8_460sv.mp4,food,2025-12-15T22:36:07.783042
https://img-9gag-fun.9cache.com/photo/an70mXb_460sv.mp4,food,2025-12-15T22:36:07.783042
https://img-9gag-fun.9cache.com/photo/aKGXonj_460sv.mp4,food,2025-12-15T22:36:15.176106
https://img-9gag-fun.9cache.com/photo/aBybBEO_460svav1.mp4,food,2025-12-15T22:36:21.159351
https://img-9gag-fun.9cache.com/photo/a6ZeY9R_460sv.mp4,food,2025-12-15T22:36:21.160348
https://img-9gag-fun.9cache.com/photo/avyBK0b_460svav1.mp4,food,2025-12-15T22:36:28.051402
https://img-9gag-fun.9cache.com/photo/apRnZq5_460sv.mp4,food,2025-12-15T22:36:28.051402
https://img-9gag-fun.9cache.com/photo/aGyrQmX_460svav1.mp4,food,2025-12-15T22:36:35.643497
https://img-9gag-fun.9cache.com/photo/aXPmOB6_460sv.mp4,food,2025-12-15T22:36:35.643497
https://img-9gag-fun.9cache.com/photo/ae9qBzB_460sv.mp4,food,2025-12-15T22:36:42.872493
https://img-9gag-fun.9cache.com/photo/a0eD3Ev_460svav1.mp4,food,2025-12-15T22:36:49.003920
https://img-9gag-fun.9cache.com/photo/aqyVEdj_460svav1.mp4,food,2025-12-15T22:36:49.004914
https://img-9gag-fun.9cache.com/photo/aYQv0n0_460sv.mp4,food,2025-12-15T22:36:49.004914
https://img-9gag-fun.9cache.com/photo/agmpe8w_460svav1.mp4,food,2025-12-15T22:37:07.247645
https://img-9gag-fun.9cache.com/photo/ayNmK4M_460sv.mp4,food,2025-12-15T22:37:07.247645
https://img-9gag-fun.9cache.com/photo/a4PB07v_460sv.mp4,food,2025-12-15T22:37:13.844609
https://img-9gag-fun.9cache.com/photo/amoOZ0X_460sv.mp4,food,2025-12-15T22:37:20.185404
https://img-9gag-fun.9cache.com/photo/abALw7p_460svav1.mp4,food,2025-12-15T22:37:20.186399
https://img-9gag-fun.9cache.com/photo/aZZ45eW_460sv.mp4,food,2025-12-15T22:37:20.186399
https://img-9gag-fun.9cache.com/photo/a87vOZO_460sv.mp4,food,2025-12-15T22:37:28.246157
https://img-9gag-fun.9cache.com/photo/aAyL5Od_460sv.mp4,food,2025-12-15T22:37:36.175185
https://img-9gag-fun.9cache.com/photo/aKGX5g6_460sv.mp4,food,2025-12-15T22:37:43.533939
https://img-9gag-fun.9cache.com/photo/a6Ze67N_460svav1.mp4,food,2025-12-15T22:37:43.534936
https://img-9gag-fun.9cache.com/photo/an70wYz_460sv.mp4,food,2025-12-15T22:37:43.534936
https://img-9gag-fun.9cache.com/photo/ajP3wPw_460sv.mp4,food,2025-12-15T22:37:43.535932
https://img-9gag-fun.9cache.com/photo/ae9qzPW_460sv.mp4,food,2025-12-15T22:38:10.209755
https://img-9gag-fun.9cache.com/photo/a5Q9gGo_460sv.mp4,food,2025-12-15T22:38:10.209755
https://img-9gag-fun.9cache.com/photo/adBWAgQ_460sv.mp4,food,2025-12-15T22:38:16.668863
https://img-9gag-fun.9cache.com/photo/a0eDgXq_460svav1.mp4,food,2025-12-15T22:38:16.668863
https://img-9gag-fun.9cache.com/photo/a0eDG2L_460sv.mp4,food,2025-12-15T22:38:31.979333
https://img-9gag-fun.9cache.com/photo/aGyrq76_460svav1.mp4,food,2025-12-15T22:38:38.764404
https://img-9gag-fun.9cache.com/photo/an70AXb_460sv.mp4,lifestyle,2025-12-15T22:39:16.160728
https://img-9gag-fun.9cache.com/photo/aBybD3O_460sv.mp4,lifestyle,2025-12-15T22:39:16.160728
