url,categoria,fecha_extraccion

https://img-9gag-fun.9cache.com/photo/awy9R61_460sv.mp4,oldmeme,2025-12-15T18:49:04.253215
https://img-9gag-fun.9cache.com/photo/a34z9re_460sv.mp4,oldmeme,2025-12-15T18:49:15.542027
https://img-9gag-fun.9cache.com/photo/aE0jr5o_460svav1.mp4,oldmeme,2025-12-15T18:49:18.603032
https://img-9gag-fun.9cache.com/photo/aE0jr5o_460sv.mp4,oldmeme,2025-12-15T18:49:18.612011
https://img-9gag-fun.9cache.com/photo/agmpM6g_460svav1.mp4,oldmeme,2025-12-15T18:49:18.623979
https://img-9gag-fun.9cache.com/photo/agmpM6g_460sv.mp4,oldmeme,2025-12-15T18:49:18.644922
https://img-9gag-fun.9cache.com/photo/axyexQM_460svav1.mp4,oldmeme,2025-12-15T18:49:25.473688
https://img-9gag-fun.9cache.com/photo/axyexQM_460sv.mp4,oldmeme,2025-12-15T18:49:25.482665
https://img-9gag-fun.9cache.com/photo/ayNmgL8_460svav1.mp4,oldmeme,2025-12-15T18:49:25.493636
https://img-9gag-fun.9cache.com/photo/ayNmgL8_460sv.mp4,oldmeme,2025-12-15T18:49:25.501614
https://img-9gag-fun.9cache.com/photo/aVv9nXw_460sv.mp4,oldmeme,2025-12-15T18:49:32.793120
https://img-9gag-fun.9cache.com/photo/avyBY2b_460svav1.mp4,oldmeme,2025-12-15T18:49:35.981607
https://img-9gag-fun.9cache.com/photo/avyBY2b_460sv.mp4,oldmeme,2025-12-15T18:49:35.993576
https://img-9gag-fun.9cache.com/photo/an70LAn_460sv.mp4,oldmeme,2025-12-15T18:49:36.004548
https://img-9gag-fun.9cache.com/photo/axyeXwW_460svav1.mp4,oldmeme,2025-12-15T18:49:42.214935
https://img-9gag-fun.9cache.com/photo/axyeXwW_460sv.mp4,oldmeme,2025-12-15T18:49:42.229899
https://img-9gag-fun.9cache.com/photo/avyB3X5_460svav1.mp4,oldmeme,2025-12-15T18:49:42.241863
https://img-9gag-fun.9cache.com/photo/avyB3X5_460sv.mp4,oldmeme,2025-12-15T18:49:42.256824
https://img-9gag-fun.9cache.com/photo/amoOEMy_460svav1.mp4,oldmeme,2025-12-15T18:49:42.271783
https://img-9gag-fun.9cache.com/photo/amoOEMy_460sv.mp4,oldmeme,2025-12-15T18:49:42.293724
https://img-9gag-fun.9cache.com/photo/aMV03zW_460svav1.mp4,oldmeme,2025-12-15T18:49:42.305693
https://img-9gag-fun.9cache.com/photo/aMV03zW_460sv.mp4,oldmeme,2025-12-15T18:49:42.315667
https://img-9gag-fun.9cache.com/photo/aE0jLq9_460svav1.mp4,oldmeme,2025-12-15T18:49:45.483195
https://img-9gag-fun.9cache.com/photo/aE0jLq9_460sv.mp4,oldmeme,2025-12-15T18:49:45.495164
https://img-9gag-fun.9cache.com/photo/axyeXjL_460svav1.mp4,oldmeme,2025-12-15T18:49:49.358007
https://img-9gag-fun.9cache.com/photo/axyeXjL_460sv.mp4,oldmeme,2025-12-15T18:49:49.367979
https://img-9gag-fun.9cache.com/photo/a0eD2vv_460sv.mp4,oldmeme,2025-12-15T18:49:53.768640
https://img-9gag-fun.9cache.com/photo/amoO3Qo_460sv.mp4,oldmeme,2025-12-15T18:49:57.790721
https://img-9gag-fun.9cache.com/photo/aMV0gxG_460svav1.mp4,oldmeme,2025-12-15T18:50:04.893420
https://img-9gag-fun.9cache.com/photo/aMV0gxG_460sv.mp4,oldmeme,2025-12-15T18:50:04.901399
https://img-9gag-fun.9cache.com/photo/amoO32d_460svav1.mp4,oldmeme,2025-12-15T18:50:04.913368
https://img-9gag-fun.9cache.com/photo/amoO32d_460sv.mp4,oldmeme,2025-12-15T18:50:04.927330
https://img-9gag-fun.9cache.com/photo/aAyLjRE_460svav1.mp4,oldmeme,2025-12-15T18:50:18.909535
https://img-9gag-fun.9cache.com/photo/aAyLjRE_460sv.mp4,oldmeme,2025-12-15T18:50:18.920506
https://img-9gag-fun.9cache.com/photo/ayNmbOq_460svav1.mp4,oldmeme,2025-12-15T18:50:18.935465
https://img-9gag-fun.9cache.com/photo/ayNmbOq_460sv.mp4,oldmeme,2025-12-15T18:50:18.949429
https://img-9gag-fun.9cache.com/photo/axyeLA1_460svav1.mp4,oldmeme,2025-12-15T18:50:24.239282
https://img-9gag-fun.9cache.com/photo/axyeLA1_460sv.mp4,oldmeme,2025-12-15T18:50:24.254243
https://img-9gag-fun.9cache.com/photo/aGyrmLw_460svav1.mp4,oldmeme,2025-12-15T18:50:27.324809
https://img-9gag-fun.9cache.com/photo/aGyrmLw_460sv.mp4,oldmeme,2025-12-15T18:50:27.333783
https://img-9gag-fun.9cache.com/photo/aLnOZz5_460sv.mp4,oldmeme,2025-12-15T18:50:32.764261
https://img-9gag-fun.9cache.com/photo/awy9EO1_460sv.mp4,oldmeme,2025-12-15T18:50:32.774234
https://img-9gag-fun.9cache.com/photo/ae9q8vB_460svav1.mp4,oldmeme,2025-12-15T18:50:32.788197
https://img-9gag-fun.9cache.com/photo/ae9q8vB_460sv.mp4,oldmeme,2025-12-15T18:50:32.806149
https://img-9gag-fun.9cache.com/photo/an70Pmz_460sv.mp4,oldmeme,2025-12-15T18:50:35.980660
https://img-9gag-fun.9cache.com/photo/a87vxNZ_460svav1.mp4,oldmeme,2025-12-15T18:50:35.993625
https://img-9gag-fun.9cache.com/photo/a87vxNZ_460sv.mp4,oldmeme,2025-12-15T18:50:36.004597
https://img-9gag-fun.9cache.com/photo/an70PW5_460svav1.mp4,oldmeme,2025-12-15T18:50:44.249549
https://img-9gag-fun.9cache.com/photo/an70PW5_460sv.mp4,oldmeme,2025-12-15T18:50:44.264508
https://img-9gag-fun.9cache.com/photo/aO8nLZM_460svav1.mp4,oldmeme,2025-12-15T18:50:47.347890
https://img-9gag-fun.9cache.com/photo/abALPPb_460svav1.mp4,anime,2025-12-15T18:51:11.106447
https://img-9gag-fun.9cache.com/photo/abALPPb_460sv.mp4,anime,2025-12-15T18:51:11.115425
https://img-9gag-fun.9cache.com/photo/adBWZNZ_460sv.mp4,anime,2025-12-15T18:51:22.767360
https://img-9gag-fun.9cache.com/photo/aLnOyyx_460sv.mp4,anime,2025-12-15T18:51:27.595448
https://img-9gag-fun.9cache.com/photo/aD2qEr7_460svav1.mp4,anime,2025-12-15T18:51:34.067688
https://img-9gag-fun.9cache.com/photo/aD2qEr7_460sv.mp4,anime,2025-12-15T18:51:34.079649
https://img-9gag-fun.9cache.com/photo/adBWEmZ_460svav1.mp4,anime,2025-12-15T18:51:54.031790
https://img-9gag-fun.9cache.com/photo/adBWEmZ_460sv.mp4,anime,2025-12-15T18:51:54.043757
https://img-9gag-fun.9cache.com/photo/aVv9AKy_460svav1.mp4,anime,2025-12-15T18:52:25.184146
https://img-9gag-fun.9cache.com/photo/aVv9AKy_460sv.mp4,anime,2025-12-15T18:52:25.194123
https://img-9gag-fun.9cache.com/photo/an706nE_460sv.mp4,anime,2025-12-15T18:52:25.205092
https://img-9gag-fun.9cache.com/photo/aMV0g4V_460svav1.mp4,anime,2025-12-15T18:52:30.846041
https://img-9gag-fun.9cache.com/photo/aMV0g4V_460sv.mp4,anime,2025-12-15T18:52:30.855016
https://img-9gag-fun.9cache.com/photo/aO8nw02_460svav1.mp4,anime,2025-12-15T18:52:33.946749
https://img-9gag-fun.9cache.com/photo/aO8nw02_460sv.mp4,anime,2025-12-15T18:52:33.957722
https://img-9gag-fun.9cache.com/photo/awy9wo4_460svav1.mp4,anime,2025-12-15T18:52:33.969691
https://img-9gag-fun.9cache.com/photo/awy9wo4_460sv.mp4,anime,2025-12-15T18:52:33.984648
https://img-9gag-fun.9cache.com/photo/an706qz_460svav1.mp4,anime,2025-12-15T18:52:48.280895
https://img-9gag-fun.9cache.com/photo/an706qz_460sv.mp4,anime,2025-12-15T18:52:48.292867
https://img-9gag-fun.9cache.com/photo/abAL7yb_460sv.mp4,anime,2025-12-15T18:52:48.311811
https://img-9gag-fun.9cache.com/photo/aryDY45_460sv.mp4,anime,2025-12-15T18:52:52.927050
https://img-9gag-fun.9cache.com/photo/aYQv31m_460svav1.mp4,anime,2025-12-15T18:53:05.657403
https://img-9gag-fun.9cache.com/photo/aYQv31m_460sv.mp4,anime,2025-12-15T18:53:05.668374
https://img-9gag-fun.9cache.com/photo/a9y4x6m_460svav1.mp4,anime,2025-12-15T18:53:08.781050
https://img-9gag-fun.9cache.com/photo/a9y4x6m_460sv.mp4,anime,2025-12-15T18:53:08.790027
https://img-9gag-fun.9cache.com/photo/aO8nM4y_460svav1.mp4,anime,2025-12-15T18:53:14.584950
https://img-9gag-fun.9cache.com/photo/aO8nM4y_460sv.mp4,anime,2025-12-15T18:53:14.596917
https://img-9gag-fun.9cache.com/photo/agmpDBg_460sv.mp4,anime,2025-12-15T18:53:17.674949
https://img-9gag-fun.9cache.com/photo/a7omYdb_460svav1.mp4,anime,2025-12-15T18:53:17.741772
https://img-9gag-fun.9cache.com/photo/a7omYdb_460sv.mp4,anime,2025-12-15T18:53:17.751744
https://img-9gag-fun.9cache.com/photo/agmpDnv_460svav1.mp4,anime,2025-12-15T18:53:24.142654
https://img-9gag-fun.9cache.com/photo/agmpDnv_460sv.mp4,anime,2025-12-15T18:53:24.154622
https://img-9gag-fun.9cache.com/photo/aGyr4Xz_460svav1.mp4,anime,2025-12-15T18:53:24.168584
https://img-9gag-fun.9cache.com/photo/aGyr4Xz_460sv.mp4,anime,2025-12-15T18:53:24.177560
https://img-9gag-fun.9cache.com/photo/aE0jm5x_460svav1.mp4,anime,2025-12-15T18:53:27.274412
https://img-9gag-fun.9cache.com/photo/aE0jm5x_460sv.mp4,anime,2025-12-15T18:53:27.283388
https://img-9gag-fun.9cache.com/photo/azxvpoB_460svav1.mp4,anime,2025-12-15T18:53:27.308321
https://img-9gag-fun.9cache.com/photo/azxvpoB_460sv.mp4,anime,2025-12-15T18:53:27.323281
https://img-9gag-fun.9cache.com/photo/aQzDW2q_460svav1.mp4,anime,2025-12-15T18:53:27.337245
https://img-9gag-fun.9cache.com/photo/aQzDW2q_460sv.mp4,anime,2025-12-15T18:53:29.403717
https://img-9gag-fun.9cache.com/photo/a34zXq7_460svav1.mp4,anime,2025-12-15T18:53:34.752510
https://img-9gag-fun.9cache.com/photo/a34zXq7_460sv.mp4,anime,2025-12-15T18:53:34.762484
https://img-9gag-fun.9cache.com/photo/aD2qeGO_460sv.mp4,anime,2025-12-15T18:53:39.297330
https://img-9gag-fun.9cache.com/photo/ae9q8pO_460svav1.mp4,anime,2025-12-15T18:53:45.078785
https://img-9gag-fun.9cache.com/photo/ae9q8pO_460sv.mp4,anime,2025-12-15T18:53:45.089755
https://img-9gag-fun.9cache.com/photo/a4PB0em_460sv.mp4,anime,2025-12-15T18:53:45.104716
https://img-9gag-fun.9cache.com/photo/aNDGbVb_460svav1.mp4,anime,2025-12-15T18:53:57.454132
https://img-9gag-fun.9cache.com/photo/aNDGbVb_460sv.mp4,anime,2025-12-15T18:53:57.468096
https://img-9gag-fun.9cache.com/photo/a9y4Gzo_460svav1.mp4,anime,2025-12-15T18:54:00.585760
https://img-9gag-fun.9cache.com/photo/a9y4Gzo_460sv.mp4,anime,2025-12-15T18:54:00.598724
https://img-9gag-fun.9cache.com/photo/a1m8zyR_460svav1.mp4,news,2025-12-15T18:54:15.048400
